Id,Name,Author,Year,Genre,Price (EUR)
1,Harry Potter and the Sorcerer's Stone,J.K. Rowling,1997,Fantasy,10.99
2,The Lord of the Rings,J.R.R. Tolkien,1954,Fantasy,22.55
3,The Night Circus,Erin Morgenstern,2011,Fantasy,12.45
4,Children of Blood and Bone,Tomi Adeyemi,2018,Fantasy,11.25
5,An Ember in the Ashes,Sabaa Tahir,2015,Fantasy,10.85
6,Pride and Prejudice,Jane Austen,1813,Romance,8.99
7,The Fault in Our Stars,John Green,2012,Romance,9.75
8,Jane Eyre,Charlotte Brontë,1847,Romance,9.55
9,Me Before You,Jojo Moyes,2012,Romance,10.95
10,The Notebook,Nicholas Sparks,1996,Romance,9.25
11,The Hunger Games,Suzanne Collins,2008,Dystopian,10.75
12,1984,George Orwell,1949,Dystopian,9.49
13,Fahrenheit 451,Ray Bradbury,1953,Dystopian,10.19
14,Brave New World,Aldous Huxley,1932,Dystopian,9.85
15,Scythe,Neal Shusterman,2016,Dystopian,11.65
16,Wonder,R.J. Palacio,2012,Modern Fiction,8.95
17,Little Fires Everywhere,Celeste Ng,2017,Modern Fiction,11.39
18,The Hate U Give,Angie Thomas,2017,Modern Fiction,10.65
19,A Man Called Ove,Fredrik Backman,2012,Modern Fiction,12.25
20,Eleanor Oliphant Is Completely Fine,Gail Honeyman,2017,Modern Fiction,11.75
21,To Kill a Mockingbird,Harper Lee,1960,Historical,11.15
22,Homegoing,Yaa Gyasi,2016,Historical,13.49
23,All the Light We Cannot See,Anthony Doerr,2014,Historical,12.95
24,The Book Thief,Markus Zusak,2005,Historical,11.99
25,The Help,Kathryn Stockett,2009,Historical,10.85
26,Educated,Tara Westover,2018,Non-Fiction,14.55
27,Becoming,Michelle Obama,2018,Non-Fiction,13.75
28,Sapiens,Yuval Noah Harari,2011,Non-Fiction,15.25
29,The Cold War,John Lewis Gaddis,2005,Non-Fiction,10.95
30,Outliers,Malcolm Gladwell,2008,Non-Fiction,12.69
